,F2470,059793,modelfile_1hr_classified,modelfile_4hr_classified,modelfile_8hr_classified,modelfile_24hr_classified
2024-10-13 05:30:00+00:00,0.922,0.0,0.9374656677246094,0.9668729901313782,0.9092219471931458,1.057181477546692
2024-10-13 05:45:00+00:00,0.922,0.0,0.9374656677246094,0.9668729901313782,0.9092219471931458,1.057181477546692
2024-10-13 06:00:00+00:00,0.922,0.0,0.9374656677246094,0.9668729901313782,0.9092219471931458,1.057181477546692
2024-10-13 06:15:00+00:00,0.921,0.0,0.9374656677246094,0.9668729901313782,0.9092219471931458,1.057181477546692
2024-10-13 06:30:00+00:00,0.921,0.0,0.9374656677246094,0.9668729901313782,0.9092219471931458,1.057181477546692
2024-10-13 06:45:00+00:00,0.921,0.0,0.9374656677246094,0.9668729901313782,0.9092219471931458,1.057181477546692
2024-10-13 07:00:00+00:00,0.921,0.0,0.9374656677246094,0.9668729901313782,0.9092219471931458,1.057181477546692
2024-10-13 07:15:00+00:00,0.921,0.0,0.9374656677246094,0.9668729901313782,0.9092219471931458,1.057181477546692
2024-10-13 07:30:00+00:00,0.921,0.0,0.9374656677246094,0.9668729901313782,0.9092219471931458,1.057181477546692
2024-10-13 07:45:00+00:00,0.92,0.0,0.9374656677246094,0.9668729901313782,0.9092219471931458,1.057181477546692
2024-10-13 08:00:00+00:00,0.92,0.0,0.9374656677246094,0.9668729901313782,0.9092219471931458,1.057181477546692
2024-10-13 08:15:00+00:00,0.919,0.0,0.9369884133338928,0.9668729901313782,0.9092219471931458,1.057181477546692
2024-10-13 08:30:00+00:00,0.92,0.0,0.9365007877349854,0.9668729901313782,0.9092219471931458,1.057181477546692
2024-10-13 08:45:00+00:00,0.919,0.0,0.9361819624900818,0.9668729901313782,0.9092219471931458,1.057181477546692
2024-10-13 09:00:00+00:00,0.919,0.0,0.9357476830482483,0.9668729901313782,0.9092219471931458,1.057181477546692
2024-10-13 09:15:00+00:00,0.918,0.0,0.9353722929954529,0.9668729901313782,0.9092219471931458,1.057181477546692
2024-10-13 09:30:00+00:00,0.919,0.0,0.9348956942558289,0.9668729901313782,0.9092219471931458,1.057181477546692
2024-10-13 09:45:00+00:00,0.918,0.0,0.9345587491989136,0.9668729901313782,0.9092219471931458,1.057181477546692
2024-10-13 10:00:00+00:00,0.917,0.0,0.9339435696601868,0.9668729901313782,0.9092219471931458,1.057181477546692
2024-10-13 10:15:00+00:00,0.917,0.0,0.9333095550537109,0.9668729901313782,0.9092219471931458,1.057181477546692
2024-10-13 10:30:00+00:00,0.916,0.0,0.9329068660736084,0.9668729901313782,0.9092219471931458,1.057181477546692
2024-10-13 10:45:00+00:00,0.915,0.0,0.9324023723602295,0.9668729901313782,0.9092219471931458,1.057181477546692
2024-10-13 11:00:00+00:00,0.915,0.0,0.9320804476737976,0.9668729901313782,0.9092219471931458,1.057181477546692
2024-10-13 11:15:00+00:00,0.915,0.0,0.9311408400535583,0.9662396311759949,0.9092219471931458,1.057181477546692
2024-10-13 11:30:00+00:00,0.914,0.0,0.9306935667991638,0.9655603766441345,0.9092219471931458,1.057181477546692
2024-10-13 11:45:00+00:00,0.914,0.0,0.930260419845581,0.9649141430854797,0.9092219471931458,1.057181477546692
2024-10-13 12:00:00+00:00,0.913,0.0,0.9292782545089722,0.9642220735549927,0.9092219471931458,1.057181477546692
2024-10-13 12:15:00+00:00,0.912,0.0,0.9285336136817932,0.9635876417160034,0.9092219471931458,1.057181477546692
2024-10-13 12:30:00+00:00,0.912,0.0,0.9279709458351135,0.9628947377204895,0.9092219471931458,1.057181477546692
2024-10-13 12:45:00+00:00,0.911,0.0,0.9271929264068604,0.9623773097991943,0.9092219471931458,1.057181477546692
2024-10-13 13:00:00+00:00,0.911,0.0,0.9265322685241699,0.9617804288864136,0.9092219471931458,1.057181477546692
2024-10-13 13:15:00+00:00,0.911,0.0,0.9258371591567993,0.9610682129859924,0.9092219471931458,1.057181477546692
2024-10-13 13:30:00+00:00,0.91,0.0,0.9249957799911499,0.9602950215339661,0.9092219471931458,1.057181477546692
2024-10-13 13:45:00+00:00,0.91,0.0,0.9245156645774841,0.9591779112815857,0.9092219471931458,1.057181477546692
2024-10-13 14:00:00+00:00,0.909,0.0,0.9236832857131958,0.9578844308853149,0.9092219471931458,1.057181477546692
2024-10-13 14:15:00+00:00,0.909,0.0,0.9229937791824341,0.9558049440383911,0.9092219471931458,1.057181477546692
2024-10-13 14:30:00+00:00,0.909,0.0,0.9226940870285034,0.9546323418617249,0.9092219471931458,1.057181477546692
2024-10-13 14:45:00+00:00,0.908,0.0,0.921896755695343,0.953109622001648,0.9092219471931458,1.057181477546692
2024-10-13 15:00:00+00:00,0.908,0.0,0.9213839173316956,0.9512979984283447,0.9092219471931458,1.057181477546692
2024-10-13 15:15:00+00:00,0.908,0.0,0.9209423661231995,0.9497042298316956,0.913824200630188,1.057181477546692
2024-10-13 15:30:00+00:00,0.907,0.0,0.9203901886940002,0.9482045769691467,0.9041013121604919,1.057181477546692
2024-10-13 15:45:00+00:00,0.907,0.0,0.9199903011322021,0.9466371536254883,0.91014564037323,1.057181477546692
2024-10-13 16:00:00+00:00,0.906,0.0,0.9193797707557678,0.9452358484268188,0.906908392906189,1.057181477546692
2024-10-13 16:15:00+00:00,0.906,0.0,0.9188842177391052,0.9436465501785278,0.9036039113998413,1.057181477546692
2024-10-13 16:30:00+00:00,0.906,0.0,0.9184548854827881,0.9422812461853027,0.9033756852149963,1.057181477546692
2024-10-13 16:45:00+00:00,0.906,0.0,0.9179554581642151,0.9410613775253296,0.9070127606391907,1.057181477546692
2024-10-13 17:00:00+00:00,0.906,0.0,0.9175487756729126,0.9395213723182678,0.9070053100585938,1.057181477546692
2024-10-13 17:15:00+00:00,0.905,0.0,0.9171923995018005,0.9384402632713318,0.9033756852149963,1.057181477546692
2024-10-13 17:30:00+00:00,0.905,0.0,0.9166578650474548,0.9374262094497681,0.9041013121604919,1.057181477546692
2024-10-13 17:45:00+00:00,0.905,0.0,0.9161598682403564,0.936140775680542,0.9070127606391907,1.057181477546692
2024-10-13 18:00:00+00:00,0.904,0.0,0.9157460331916809,0.935325562953949,0.9033756852149963,1.057181477546692
2024-10-13 18:15:00+00:00,0.903,0.0,0.9155741930007935,0.9343523383140564,0.8915191888809204,1.057181477546692
2024-10-13 18:30:00+00:00,0.903,0.0,0.9152071475982666,0.9334360957145691,0.9036039113998413,1.057181477546692
2024-10-13 18:45:00+00:00,0.903,0.0,0.9149129986763,0.9328120946884155,0.9033756852149963,1.057181477546692
2024-10-13 19:00:00+00:00,0.902,0.0,0.9147297143936157,0.9318150877952576,0.885217010974884,1.057181477546692
2024-10-13 19:15:00+00:00,0.902,0.0,0.9143857955932617,0.9311062693595886,0.9041013121604919,1.057181477546692
2024-10-13 19:30:00+00:00,0.901,0.0,0.9139418005943298,0.9304242134094238,0.9033756852149963,1.057181477546692
2024-10-13 19:45:00+00:00,0.9,0.0,0.9134817719459534,0.9297689199447632,0.8898787498474121,1.057181477546692
2024-10-13 20:00:00+00:00,0.9,0.0,0.9130845069885254,0.9290651082992554,0.89952552318573,1.057181477546692
2024-10-13 20:15:00+00:00,0.899,0.0,0.9125725030899048,0.928359866142273,0.901735246181488,1.057181477546692
2024-10-13 20:30:00+00:00,0.899,0.0,0.9122138023376465,0.9275757074356079,0.89491868019104,1.057181477546692
2024-10-13 20:45:00+00:00,0.898,0.0,0.9117385149002075,0.9269591569900513,0.901735246181488,1.057181477546692
2024-10-13 21:00:00+00:00,0.898,0.0,0.9112298488616943,0.9264427423477173,0.901735246181488,1.057181477546692
2024-10-13 21:15:00+00:00,0.897,0.0,0.9108433723449707,0.9260081052780151,0.8927827477455139,1.057181477546692
2024-10-13 21:30:00+00:00,0.896,0.0,0.9102322459220886,0.9254307746887207,0.9053648710250854,1.057181477546692
2024-10-13 21:45:00+00:00,0.896,0.0,0.9098077416419983,0.9249699711799622,0.9007890820503235,1.057181477546692
2024-10-13 22:00:00+00:00,0.895,0.0,0.9092978835105896,0.9245042204856873,0.8994842171669006,1.057181477546692
2024-10-13 22:15:00+00:00,0.895,0.0,0.9089768528938293,0.9237977266311646,0.901735246181488,1.057181477546692
2024-10-13 22:30:00+00:00,0.894,0.0,0.9085464477539062,0.9229661226272583,0.901735246181488,1.057181477546692
2024-10-13 22:45:00+00:00,0.893,0.0,0.9079844355583191,0.9221010804176331,0.9024608731269836,1.057181477546692
2024-10-13 23:00:00+00:00,0.892,0.0,0.9077641367912292,0.9214857816696167,0.89491868019104,1.057181477546692
2024-10-13 23:15:00+00:00,0.892,0.0,0.9071900248527527,0.9206360578536987,0.8898787498474121,1.057181477546692
2024-10-13 23:30:00+00:00,0.891,0.0,0.9068874716758728,0.919987142086029,0.901735246181488,1.057181477546692
2024-10-13 23:45:00+00:00,0.891,0.0,0.9065673351287842,0.919327974319458,0.89491868019104,1.057181477546692
2024-10-14 00:00:00+00:00,0.89,0.0,0.9060651659965515,0.9186270236968994,0.8854715824127197,1.057181477546692
2024-10-14 00:15:00+00:00,0.889,0.0,0.9055845141410828,0.9179174900054932,0.9037539958953857,1.057181477546692
2024-10-14 00:30:00+00:00,0.889,0.0,0.9051809310913086,0.9171909689903259,0.8995466232299805,1.057181477546692
2024-10-14 00:45:00+00:00,0.888,0.0,0.9046453237533569,0.9165525436401367,0.901735246181488,1.057181477546692
2024-10-14 01:00:00+00:00,0.887,0.0,0.9042193293571472,0.9159607291221619,0.9046392440795898,1.057181477546692
2024-10-14 01:15:00+00:00,0.887,0.0,0.9038824439048767,0.9154796004295349,0.8978226780891418,1.057181477546692
2024-10-14 01:30:00+00:00,0.886,0.0,0.9034134149551392,0.9150297045707703,0.8935590386390686,1.057181477546692
2024-10-14 01:45:00+00:00,0.885,0.0,0.9031355381011963,0.9143106937408447,0.9024506211280823,1.057181477546692
2024-10-14 02:00:00+00:00,0.884,0.0,0.9028019905090332,0.9139347076416016,0.9054155349731445,1.057181477546692
2024-10-14 02:15:00+00:00,0.884,0.0,0.9024147987365723,0.9133028984069824,0.8891518712043762,1.057181477546692
2024-10-14 02:30:00+00:00,0.883,0.0,0.9020798206329346,0.9129835963249207,0.8796619772911072,1.057181477546692
2024-10-14 02:45:00+00:00,0.883,0.0,0.9016813039779663,0.9125694632530212,0.9008499979972839,1.057181477546692
2024-10-14 03:00:00+00:00,0.882,0.0,0.9012612104415894,0.9119817614555359,0.9008499979972839,1.057181477546692
2024-10-14 03:15:00+00:00,0.881,0.0,0.9008049368858337,0.911471426486969,0.8802533745765686,1.057181477546692
2024-10-14 03:30:00+00:00,0.88,0.0,0.9004150629043579,0.9109092354774475,0.8826913237571716,1.057181477546692
2024-10-14 03:45:00+00:00,0.88,0.0,0.9000722169876099,0.9103286266326904,0.8969374299049377,1.057181477546692
2024-10-14 04:00:00+00:00,0.879,0.0,0.8996542096138,0.9098435640335083,0.8819149136543274,1.057181477546692
2024-10-14 04:15:00+00:00,0.879,0.0,0.8993549942970276,0.9094492197036743,0.8843528628349304,1.057181477546692
2024-10-14 04:30:00+00:00,0.878,0.0,0.8990159630775452,0.9089486598968506,0.8935590386390686,1.057181477546692
2024-10-14 04:45:00+00:00,0.877,0.0,0.8985022902488708,0.9086685180664062,0.8819149136543274,1.057181477546692
2024-10-14 05:00:00+00:00,0.877,0.0,0.8982658982276917,0.9082194566726685,0.8843528628349304,1.057181477546692
2024-10-14 05:15:00+00:00,0.876,0.0,0.8979656100273132,0.9077659249305725,0.8843528628349304,1.057181477546692
2024-10-14 05:30:00+00:00,0.876,0.0,0.8975814580917358,0.9073142409324646,0.8843528628349304,1.057181477546692
2024-10-14 05:45:00+00:00,0.875,0.0,0.897220253944397,0.9070003628730774,0.8796619772911072,1.057181477546692
2024-10-14 06:00:00+00:00,0.874,0.0,0.8969931602478027,0.9064543843269348,0.8843528628349304,1.057181477546692
2024-10-14 06:15:00+00:00,0.873,0.0,0.8969252109527588,0.905869722366333,0.8843528628349304,1.057181477546692
2024-10-14 06:30:00+00:00,0.872,0.0,0.8966963887214661,0.9054968357086182,0.8796619772911072,1.057181477546692
2024-10-14 06:45:00+00:00,0.872,0.0,0.8965073823928833,0.9050570726394653,0.8819149136543274,1.057181477546692
2024-10-14 07:00:00+00:00,0.871,0.0,0.8961489796638489,0.904747486114502,0.8811306953430176,1.057181477546692
2024-10-14 07:15:00+00:00,0.87,0.0,0.8958170413970947,0.9043828845024109,0.879608154296875,1.055333137512207
2024-10-14 07:30:00+00:00,0.869,0.0,0.8955199718475342,0.9040549993515015,0.8843528628349304,1.0530580282211304
2024-10-14 07:45:00+00:00,0.868,0.0,0.8951073884963989,0.9035399556159973,0.8781394362449646,1.0500681400299072
2024-10-14 08:00:00+00:00,0.868,0.0,0.8948373198509216,0.9032979011535645,0.8796619772911072,1.0479466915130615
2024-10-14 08:15:00+00:00,0.867,0.0,0.8944252729415894,0.9029173254966736,0.8781394362449646,1.045624017715454
2024-10-14 08:30:00+00:00,0.866,0.0,0.8940480947494507,0.9026868343353271,0.8781394362449646,1.0438331365585327
2024-10-14 08:45:00+00:00,0.865,0.0,0.8934780955314636,0.9023937582969666,0.8818610906600952,1.041865348815918
2024-10-14 09:00:00+00:00,0.865,0.0,0.8928097486495972,0.9021368622779846,0.8828303217887878,1.0402345657348633
2024-10-14 09:15:00+00:00,0.864,0.0,0.8924728035926819,0.9018698334693909,0.8725140690803528,1.0376129150390625
2024-10-14 09:30:00+00:00,0.863,0.0,0.8923027515411377,0.9016414284706116,0.8781394362449646,1.035520315170288
2024-10-14 09:45:00+00:00,0.863,0.0,0.8920454382896423,0.901463508605957,0.8818610906600952,1.0330058336257935
2024-10-14 10:00:00+00:00,0.862,0.0,0.8918133974075317,0.9011567234992981,0.8710453510284424,1.0306669473648071
2024-10-14 10:15:00+00:00,0.861,0.0,0.8915987014770508,0.9008800983428955,0.8781394362449646,1.028058648109436
2024-10-14 10:30:00+00:00,0.86,0.0,0.8914757966995239,0.9004808068275452,0.8803923726081848,1.0264549255371094
2024-10-14 10:45:00+00:00,0.86,0.0,0.8911950588226318,0.8999894261360168,0.8781394362449646,1.0252931118011475
2024-10-14 11:00:00+00:00,0.859,0.0,0.8908752202987671,0.8998070955276489,0.8781394362449646,1.0230026245117188
2024-10-14 11:15:00+00:00,0.859,0.0,0.8906072974205017,0.8994559049606323,0.8781394362449646,1.0207383632659912
2024-10-14 11:30:00+00:00,0.858,0.0,0.8902667760848999,0.8991407155990601,0.8781394362449646,1.018488883972168
2024-10-14 11:45:00+00:00,0.857,0.0,0.8902937769889832,0.8986848592758179,0.8781394362449646,1.0167205333709717
2024-10-14 12:00:00+00:00,0.857,0.0,0.8902816772460938,0.8981618285179138,0.8781394362449646,1.014634609222412
2024-10-14 12:15:00+00:00,0.857,0.0,0.8893808722496033,0.8980006575584412,0.8781394362449646,1.0121978521347046
2024-10-14 12:30:00+00:00,0.856,0.0,0.8884231448173523,0.8975914120674133,0.8781394362449646,1.0103931427001953
2024-10-14 12:45:00+00:00,0.856,0.0,0.8874807953834534,0.8972797989845276,0.8781394362449646,1.0086826086044312
2024-10-14 13:00:00+00:00,0.855,0.0,0.8857768177986145,0.8966617584228516,0.8725140690803528,1.0066338777542114
2024-10-14 13:15:00+00:00,0.855,0.0,0.8840097784996033,0.8963997960090637,0.879608154296875,1.0046418905258179
2024-10-14 13:30:00+00:00,0.855,0.0,0.8819923996925354,0.8958908319473267,0.879608154296875,1.0029782056808472
2024-10-14 13:45:00+00:00,0.855,0.0,0.8798977136611938,0.8954626321792603,0.8725140690803528,1.0016568899154663
2024-10-14 14:00:00+00:00,0.855,0.0,0.8778144121170044,0.895164966583252,0.879608154296875,0.9999035596847534
2024-10-14 14:15:00+00:00,0.855,0.0,0.8757284879684448,0.8949806690216064,0.8725140690803528,0.9980206489562988
2024-10-14 14:30:00+00:00,0.855,0.0,0.8738073706626892,0.894709587097168,0.8664444088935852,0.9963830709457397
2024-10-14 14:45:00+00:00,0.855,0.0,0.8719518184661865,0.8941929936408997,0.8710453510284424,0.9945853352546692
2024-10-14 15:00:00+00:00,0.855,0.0,0.8699442744255066,0.8940540552139282,0.8710453510284424,0.9921175837516785
2024-10-14 15:15:00+00:00,0.856,0.0,0.8680911660194397,0.893147885799408,0.8725140690803528,0.9902433753013611
2024-10-14 15:30:00+00:00,0.856,0.0,0.8664353489875793,0.8924739956855774,0.8543271422386169,0.9887659549713135
2024-10-14 15:45:00+00:00,0.856,0.0,0.8648815155029297,0.8914839029312134,0.8587044477462769,0.9871541261672974
2024-10-14 16:00:00+00:00,0.856,0.0,0.863335371017456,0.8901195526123047,0.8727422952651978,0.9860321283340454
2024-10-14 16:15:00+00:00,0.856,0.0,0.8621358275413513,0.8887285590171814,0.8712735772132874,0.985285222530365
2024-10-14 16:30:00+00:00,0.856,0.0,0.8613791465759277,0.8871591687202454,0.8681413531303406,0.983394980430603
2024-10-14 16:45:00+00:00,0.857,0.0,0.861016571521759,0.8852528929710388,0.8543271422386169,0.9822484850883484
2024-10-14 17:00:00+00:00,0.857,0.0,0.8614292740821838,0.883362352848053,0.8543271422386169,0.9814536571502686
2024-10-14 17:15:00+00:00,0.857,0.0,0.8627297878265381,0.8815386295318604,0.879608154296875,0.9805704951286316
2024-10-14 17:30:00+00:00,0.857,0.0,0.8632701635360718,0.8796988725662231,0.8543271422386169,0.9797153472900391
2024-10-14 17:45:00+00:00,0.857,0.0,0.8638949394226074,0.8779315948486328,0.8543271422386169,0.9788141846656799
2024-10-14 18:00:00+00:00,0.858,0.0,0.8659202456474304,0.876246452331543,0.8679131269454956,0.9774459600448608
2024-10-14 18:15:00+00:00,0.858,0.0,0.8669647574424744,0.874738872051239,0.8725140690803528,0.9764261245727539
2024-10-14 18:30:00+00:00,0.858,0.0,0.8675719499588013,0.8734278082847595,0.8543271422386169,0.9753907322883606
2024-10-14 18:45:00+00:00,0.858,0.0,0.8676248788833618,0.8722158670425415,0.8480108976364136,0.9743722081184387
2024-10-14 19:00:00+00:00,0.858,0.0,0.8670880794525146,0.8708966970443726,0.8725140690803528,0.9726237058639526
2024-10-14 19:15:00+00:00,0.858,0.0,0.8668588399887085,0.8698475360870361,0.8465693593025208,0.9698407053947449
2024-10-14 19:30:00+00:00,0.858,0.0,0.8671259880065918,0.8691169619560242,0.8543271422386169,0.9679367542266846
2024-10-14 19:45:00+00:00,0.858,0.0,0.8668524622917175,0.8687374591827393,0.8465693593025208,0.9656311869621277
2024-10-14 20:00:00+00:00,0.857,0.0,0.8667201995849609,0.8688076734542847,0.8480108976364136,0.9634591937065125
2024-10-14 20:15:00+00:00,0.857,0.0,0.8669405579566956,0.8694168329238892,0.8465693593025208,0.9608533382415771
2024-10-14 20:30:00+00:00,0.857,0.0,0.8669527173042297,0.8699333667755127,0.8732919096946716,0.9590941667556763
2024-10-14 20:45:00+00:00,0.857,0.0,0.8670600056648254,0.8708958625793457,0.8465693593025208,0.9566336870193481
2024-10-14 21:00:00+00:00,0.857,0.0,0.8666176199913025,0.8720721006393433,0.8465693593025208,0.9553923606872559
2024-10-14 21:15:00+00:00,0.856,0.0,0.8660696744918823,0.8727930188179016,0.858686625957489,0.9543225765228271
2024-10-14 21:30:00+00:00,0.856,0.0,0.8657698035240173,0.8735406398773193,0.8465421795845032,0.9531478881835938
2024-10-14 21:45:00+00:00,0.856,0.0,0.8655090928077698,0.8736073970794678,0.858686625957489,0.9515080451965332
2024-10-14 22:00:00+00:00,0.855,0.0,0.8657003045082092,0.8732194900512695,0.858686625957489,0.9504085779190063
2024-10-14 22:15:00+00:00,0.855,0.0,0.865589439868927,0.8730767369270325,0.8476597666740417,0.9491147398948669
2024-10-14 22:30:00+00:00,0.854,0.0,0.8651789426803589,0.8731139898300171,0.8579609990119934,0.9482907652854919
2024-10-14 22:45:00+00:00,0.853,0.0,0.8650780916213989,0.8728868961334229,0.858686625957489,0.9481285810470581
2024-10-14 23:00:00+00:00,0.853,0.0,0.8643686771392822,0.8729108572006226,0.858686625957489,0.9479446411132812
2024-10-14 23:15:00+00:00,0.852,0.0,0.8641242384910583,0.8728410601615906,0.858686625957489,0.9473247528076172
2024-10-14 23:30:00+00:00,0.852,0.0,0.8635621666908264,0.8723703026771545,0.8741493225097656,0.9463940262794495
2024-10-14 23:45:00+00:00,0.851,0.0,0.8630264401435852,0.8724353909492493,0.8718503713607788,0.9462848901748657
2024-10-15 00:00:00+00:00,0.851,0.0,0.8627945184707642,0.8720360994338989,0.8639230132102966,0.9454733729362488
2024-10-15 00:15:00+00:00,0.85,0.0,0.8619171977043152,0.8717694282531738,0.8680149912834167,0.9455201029777527
2024-10-15 00:30:00+00:00,0.85,0.0,0.8614318370819092,0.8715593218803406,0.875618040561676,0.945613443851471
2024-10-15 00:45:00+00:00,0.849,0.0,0.8608282804489136,0.8711226582527161,0.858686625957489,0.9459782838821411
2024-10-15 01:00:00+00:00,0.848,0.0,0.8601248264312744,0.8710459470748901,0.8743775486946106,0.9454360604286194
2024-10-15 01:15:00+00:00,0.848,0.0,0.8598138093948364,0.8704805374145508,0.8720514178276062,0.9451226592063904
2024-10-15 01:30:00+00:00,0.848,0.0,0.859138548374176,0.8698898553848267,0.8624542951583862,0.9443949460983276
2024-10-15 01:45:00+00:00,0.847,0.0,0.8585547208786011,0.8694407343864441,0.8703139424324036,0.9440521597862244
2024-10-15 02:00:00+00:00,0.847,0.0,0.8578698039054871,0.8689470291137695,0.8741493225097656,0.9436637163162231
2024-10-15 02:15:00+00:00,0.846,0.0,0.8574406504631042,0.8687704205513,0.8781394362449646,0.9427034854888916
2024-10-15 02:30:00+00:00,0.846,0.0,0.8565803170204163,0.868139386177063,0.8724877834320068,0.9425009489059448
2024-10-15 02:45:00+00:00,0.846,0.0,0.855996310710907,0.8677411079406738,0.8647828698158264,0.9422749876976013
2024-10-15 03:00:00+00:00,0.845,0.0,0.8558024764060974,0.8671733140945435,0.8684437274932861,0.9422281980514526
2024-10-15 03:15:00+00:00,0.844,0.0,0.8556696772575378,0.866267740726471,0.8767061233520508,0.9422921538352966
2024-10-15 03:30:00+00:00,0.844,0.0,0.8549287915229797,0.8658687472343445,0.8653936982154846,0.9423621892929077
2024-10-15 03:45:00+00:00,0.844,0.0,0.8546570539474487,0.8652955293655396,0.8653936982154846,0.9419363141059875
2024-10-15 04:00:00+00:00,0.843,0.0,0.854170560836792,0.8646906614303589,0.8640609383583069,0.941929280757904
2024-10-15 04:15:00+00:00,0.843,0.0,0.8531571626663208,0.8643590211868286,0.8476597666740417,0.9416635036468506
2024-10-15 04:30:00+00:00,0.843,0.0,0.8531028628349304,0.8635075688362122,0.8610209822654724,0.9416913986206055
2024-10-15 04:45:00+00:00,0.842,0.0,0.8527261018753052,0.863183856010437,0.8689483404159546,0.9417486190795898
2024-10-15 05:00:00+00:00,0.842,0.0,0.852554202079773,0.8625073432922363,0.8624542951583862,0.9417268633842468
2024-10-15 05:15:00+00:00,0.841,0.0,0.8522886037826538,0.8622612953186035,0.8493213057518005,0.9423925280570984
2024-10-15 05:30:00+00:00,0.841,0.0,0.8514513969421387,0.861473560333252,0.8493213057518005,0.9427555203437805
2024-10-15 05:45:00+00:00,0.84,0.0,0.8513299226760864,0.8613349199295044,0.8607927560806274,0.9429751634597778
2024-10-15 06:00:00+00:00,0.84,0.0,0.8511993885040283,0.8606305122375488,0.8687201142311096,0.9435375332832336
2024-10-15 06:15:00+00:00,0.839,0.0,0.8507683873176575,0.8602773547172546,0.8434391021728516,0.9431136250495911
2024-10-15 06:30:00+00:00,0.839,0.0,0.8502178192138672,0.8597513437271118,0.8421063423156738,0.9428857564926147
2024-10-15 06:45:00+00:00,0.838,0.0,0.8499240875244141,0.8593565225601196,0.8511004447937012,0.9420985579490662
2024-10-15 07:00:00+00:00,0.838,0.0,0.8494269251823425,0.8589598536491394,0.8434391021728516,0.9425568580627441
2024-10-15 07:15:00+00:00,0.837,0.0,0.8487785458564758,0.8585160970687866,0.8378432393074036,0.9428876638412476
2024-10-15 07:30:00+00:00,0.836,0.0,0.8482039570808411,0.8582951426506042,0.8391759991645813,0.9423213601112366
2024-10-15 07:45:00+00:00,0.836,0.0,0.8476703763008118,0.8576074242591858,0.8375144600868225,0.9418094754219055
2024-10-15 08:00:00+00:00,0.836,0.0,0.8473768830299377,0.8573004007339478,0.8375144600868225,0.9405054450035095
2024-10-15 08:15:00+00:00,0.835,0.0,0.8467587828636169,0.8567599058151245,0.8437678813934326,0.9401816725730896
2024-10-15 08:30:00+00:00,0.834,0.0,0.8459230661392212,0.8560553193092346,0.8391759991645813,0.9400303363800049
2024-10-15 08:45:00+00:00,0.834,0.0,0.8454253673553467,0.855896532535553,0.8375144600868225,0.9389301538467407
2024-10-15 09:00:00+00:00,0.833,0.0,0.8446809649467468,0.8553748726844788,0.8375144600868225,0.9377128481864929
2024-10-15 09:15:00+00:00,0.832,0.0,0.8443841338157654,0.8549017310142517,0.8352129459381104,0.9372404217720032
2024-10-15 09:30:00+00:00,0.832,0.0,0.8437409400939941,0.8543717861175537,0.8391759991645813,0.9363875389099121
2024-10-15 09:45:00+00:00,0.831,0.0,0.8430134057998657,0.8539034724235535,0.85276198387146,0.9360005855560303
2024-10-15 10:00:00+00:00,0.83,0.0,0.84279465675354,0.8534195423126221,0.835938572883606,0.9364035725593567
2024-10-15 10:15:00+00:00,0.83,0.0,0.8421210646629333,0.8529877066612244,0.835938572883606,0.9367560744285583
2024-10-15 10:30:00+00:00,0.829,0.0,0.8415663242340088,0.8523862361907959,0.8391759991645813,0.9374065399169922
2024-10-15 10:45:00+00:00,0.83,0.0,0.8409461379051208,0.8517561554908752,0.8391759991645813,0.9380578398704529
2024-10-15 11:00:00+00:00,0.828,0.0,0.8403385877609253,0.8512383103370667,0.8391759991645813,0.9387794733047485
2024-10-15 11:15:00+00:00,0.828,0.0,0.8398428559303284,0.8506212830543518,0.8391759991645813,0.937578558921814
2024-10-15 11:30:00+00:00,0.827,0.0,0.8392990827560425,0.8499915599822998,0.8344295620918274,0.9346044063568115
2024-10-15 11:45:00+00:00,0.827,0.0,0.8384706974029541,0.8493360280990601,0.8391759991645813,0.9305588603019714
2024-10-15 12:00:00+00:00,0.826,0.0,0.8383911848068237,0.8484993577003479,0.8448653817176819,0.9254507422447205
2024-10-15 12:15:00+00:00,0.825,0.0,0.8375967144966125,0.8483746647834778,0.8344295620918274,0.9190104007720947
2024-10-15 12:30:00+00:00,0.825,0.0,0.8373810052871704,0.8476712107658386,0.835938572883606,0.9136894345283508
2024-10-15 12:45:00+00:00,0.824,0.0,0.8368685841560364,0.8472223281860352,0.8477739691734314,0.9086515307426453
2024-10-15 13:00:00+00:00,0.824,0.0,0.8364267349243164,0.8467668294906616,0.835938572883606,0.903732180595398
2024-10-15 13:15:00+00:00,0.824,0.0,0.8361008763313293,0.8461020588874817,0.8329442739486694,0.8996407985687256
2024-10-15 13:30:00+00:00,0.824,0.0,0.8353134989738464,0.8456667065620422,0.8361817002296448,0.8955317139625549
2024-10-15 13:45:00+00:00,0.823,0.0,0.8352208137512207,0.8450155854225159,0.8361817002296448,0.8914361000061035
2024-10-15 14:00:00+00:00,0.823,0.0,0.834304928779602,0.844562292098999,0.8329442739486694,0.887705385684967
2024-10-15 14:15:00+00:00,0.823,0.0,0.8340538740158081,0.8440030217170715,0.8329442739486694,0.8843103647232056
2024-10-15 14:30:00+00:00,0.823,0.0,0.8338590860366821,0.8434072136878967,0.8329442739486694,0.8809881806373596
2024-10-15 14:45:00+00:00,0.823,0.0,0.8332087993621826,0.8428796529769897,0.8329442739486694,0.8786380290985107
2024-10-15 15:00:00+00:00,0.822,0.0,0.8329830169677734,0.842789888381958,0.8329442739486694,0.8761909008026123
2024-10-15 15:15:00+00:00,0.822,0.0,0.8320779800415039,0.8420883417129517,0.8329442739486694,0.8738490343093872
2024-10-15 15:30:00+00:00,0.822,0.0,0.8310742974281311,0.8419630527496338,0.8329442739486694,0.8721071481704712
2024-10-15 15:45:00+00:00,0.822,0.0,0.8312776684761047,0.8412731885910034,0.8314352631568909,0.8710265159606934
2024-10-15 16:00:00+00:00,0.822,0.0,0.8321754932403564,0.8410406112670898,0.8329442739486694,0.8709290623664856
2024-10-15 16:15:00+00:00,0.822,0.0,0.8324893116950989,0.840496301651001,0.8361817002296448,0.8723767399787903
2024-10-15 16:30:00+00:00,0.822,0.0,0.8317034244537354,0.8398516774177551,0.8327680230140686,0.8743974566459656
2024-10-15 16:45:00+00:00,0.822,0.0,0.831244707107544,0.8396269083023071,0.8330968022346497,0.8762363195419312
2024-10-15 17:00:00+00:00,0.822,0.0,0.8312011957168579,0.8388396501541138,0.8391759991645813,0.8778728246688843
2024-10-15 17:15:00+00:00,0.822,0.0,0.8314769268035889,0.8387081027030945,0.8346058130264282,0.8789697885513306
2024-10-15 17:30:00+00:00,0.822,0.0,0.8316291570663452,0.838269054889679,0.8344295620918274,0.8790754079818726
2024-10-15 17:45:00+00:00,0.822,0.0,0.8315868973731995,0.8380246162414551,0.8344295620918274,0.8784679770469666
2024-10-15 18:00:00+00:00,0.822,0.0,0.831719160079956,0.8378508687019348,0.8346058130264282,0.8778643608093262
2024-10-15 18:15:00+00:00,0.822,0.0,0.8316123485565186,0.8379995226860046,0.8344295620918274,0.8771523833274841
2024-10-15 18:30:00+00:00,0.822,0.0,0.8315430283546448,0.8373656868934631,0.8344295620918274,0.8766459226608276
2024-10-15 18:45:00+00:00,0.821,0.0,0.8314492106437683,0.8380632400512695,0.8344295620918274,0.8761973977088928
2024-10-15 19:00:00+00:00,0.821,0.0,0.831575334072113,0.8374859094619751,0.8344295620918274,0.8755079507827759
2024-10-15 19:15:00+00:00,0.821,0.0,0.831527590751648,0.8370958566665649,0.8277239799499512,0.8748257160186768
2024-10-15 19:30:00+00:00,0.821,0.0,0.8316968083381653,0.8365312814712524,0.8344295620918274,0.874222993850708
2024-10-15 19:45:00+00:00,0.82,0.0,0.8314701318740845,0.8365232348442078,0.8277239799499512,0.873596727848053
2024-10-15 20:00:00+00:00,0.82,0.0,0.8312027454376221,0.836356520652771,0.8374072909355164,0.8730301856994629
2024-10-15 20:15:00+00:00,0.82,0.0,0.8312461376190186,0.8362558484077454,0.8277239799499512,0.8723531365394592
2024-10-15 20:30:00+00:00,0.82,0.0,0.8310828804969788,0.8362395167350769,0.829693615436554,0.8715774416923523
2024-10-15 20:45:00+00:00,0.82,0.0,0.831068754196167,0.836189329624176,0.8277239799499512,0.8707758188247681
2024-10-15 21:00:00+00:00,0.82,0.0,0.8305218815803528,0.836387038230896,0.8277239799499512,0.8699460625648499
2024-10-15 21:15:00+00:00,0.82,0.0,0.8306302428245544,0.8363398313522339,0.8277239799499512,0.869350790977478
2024-10-15 21:30:00+00:00,0.819,0.0,0.8302304148674011,0.8365878462791443,0.8277239799499512,0.8688739538192749
2024-10-15 21:45:00+00:00,0.819,0.0,0.8301423788070679,0.8364027738571167,0.8277239799499512,0.868535578250885
2024-10-15 22:00:00+00:00,0.819,0.0,0.8301440477371216,0.8365349769592285,0.8277239799499512,0.8684075474739075
2024-10-15 22:15:00+00:00,0.819,0.0,0.8298366665840149,0.8364421725273132,0.8284698724746704,0.8681712746620178
2024-10-15 22:30:00+00:00,0.819,0.0,0.8299470543861389,0.8364687561988831,0.8309299349784851,0.8678890466690063
2024-10-15 22:45:00+00:00,0.818,0.0,0.8294405937194824,0.836299479007721,0.8279522061347961,0.8677257299423218
2024-10-15 23:00:00+00:00,0.818,0.0,0.8291680216789246,0.8363047242164612,0.8286980986595154,0.867344856262207
2024-10-15 23:15:00+00:00,0.818,0.0,0.8290385603904724,0.836273729801178,0.8277239799499512,0.8668298125267029
2024-10-15 23:30:00+00:00,0.818,0.0,0.8291820883750916,0.8360224366188049,0.8277239799499512,0.8665781021118164
2024-10-15 23:45:00+00:00,0.818,0.0,0.8292759656906128,0.835983157157898,0.8307017087936401,0.8662976622581482
2024-10-16 00:00:00+00:00,0.818,0.0,0.8292361497879028,0.8354572057723999,0.8277239799499512,0.8660598993301392
2024-10-16 00:15:00+00:00,0.818,0.0,0.8289099335670471,0.8353481888771057,0.8277239799499512,0.8656467795372009
2024-10-16 00:30:00+00:00,0.818,0.2,0.8287599086761475,0.8351266384124756,0.8277239799499512,0.8652607798576355
2024-10-16 00:45:00+00:00,0.818,0.0,0.8289355635643005,0.8351054191589355,0.8277239799499512,0.8648515939712524
2024-10-16 01:00:00+00:00,0.818,0.4,0.8287561535835266,0.8350124359130859,0.8277239799499512,0.8643006682395935
2024-10-16 01:15:00+00:00,0.818,0.0,0.8284189701080322,0.8347907662391663,0.8277239799499512,0.8639472126960754
2024-10-16 01:30:00+00:00,0.817,0.4,0.8285602927207947,0.8350335359573364,0.8277239799499512,0.8634459376335144
2024-10-16 01:45:00+00:00,0.82,0.4,0.8351495862007141,0.8346977829933167,0.8277239799499512,0.862615168094635
2024-10-16 02:00:00+00:00,0.824,0.2,0.8314884901046753,0.8346750140190125,0.8277239799499512,0.8618220090866089
2024-10-16 02:15:00+00:00,0.826,0.0,0.8440455794334412,0.8346338272094727,0.8277239799499512,0.8614252805709839
2024-10-16 02:30:00+00:00,0.827,0.0,0.8366890549659729,0.8344781994819641,0.8277239799499512,0.860908567905426
2024-10-16 02:45:00+00:00,0.827,0.0,0.8475261926651001,0.8342393040657043,0.8277239799499512,0.8602950572967529
2024-10-16 03:00:00+00:00,0.826,0.2,0.8569036722183228,0.8339327573776245,0.8277239799499512,0.8597306609153748
2024-10-16 03:15:00+00:00,0.826,0.0,0.850583553314209,0.8335902094841003,0.8277239799499512,0.8593087196350098
2024-10-16 03:30:00+00:00,0.826,0.0,0.8499947786331177,0.8335602879524231,0.8307017087936401,0.8588051199913025
2024-10-16 03:45:00+00:00,0.826,0.0,0.8423414826393127,0.8335361480712891,0.8277239799499512,0.8581877946853638
2024-10-16 04:00:00+00:00,0.826,0.0,0.8475173711776733,0.8333748579025269,0.8277239799499512,0.8577274680137634
2024-10-16 04:15:00+00:00,0.825,0.0,0.8517156839370728,0.8334251046180725,0.8277239799499512,0.8571876287460327
2024-10-16 04:30:00+00:00,0.826,0.2,0.8424596190452576,0.8335720896720886,0.8307017087936401,0.8567958474159241
2024-10-16 04:45:00+00:00,0.826,0.0,0.8375341892242432,0.8519554734230042,0.8277239799499512,0.8564666509628296
2024-10-16 05:00:00+00:00,0.827,0.2,0.8378235101699829,0.8491884469985962,0.8277239799499512,0.856217086315155
2024-10-16 05:15:00+00:00,0.829,0.2,0.8376385569572449,0.8738235235214233,0.8277239799499512,0.8561568260192871
2024-10-16 05:30:00+00:00,0.833,0.6,0.8395860195159912,0.8678991794586182,0.8277239799499512,0.8557720184326172
2024-10-16 05:45:00+00:00,0.843,1.0,0.8419316411018372,0.8827186226844788,0.8277239799499512,0.8554647564888
2024-10-16 06:00:00+00:00,0.852,0.6,0.8388048410415649,0.9115028381347656,0.8277239799499512,0.8553633689880371
2024-10-16 06:15:00+00:00,0.855,0.0,0.8443613648414612,0.9020109176635742,0.8309299349784851,0.855175256729126
2024-10-16 06:30:00+00:00,0.854,0.0,0.8485264778137207,0.8717480897903442,0.8277239799499512,0.8547334671020508
2024-10-16 06:45:00+00:00,0.855,0.0,0.8653379678726196,0.8585208654403687,0.8277239799499512,0.8542430400848389
2024-10-16 07:00:00+00:00,0.855,0.0,0.8914839625358582,0.8600462675094604,0.8277239799499512,0.8538739085197449
2024-10-16 07:15:00+00:00,0.854,0.0,0.8899304270744324,0.8710474967956543,0.8277239799499512,0.853489875793457
2024-10-16 07:30:00+00:00,0.854,0.0,0.87941974401474,0.8593758344650269,0.8277239799499512,0.8530528545379639
2024-10-16 07:45:00+00:00,0.854,0.0,0.8786793947219849,0.8437896370887756,0.8277239799499512,0.8526325225830078
2024-10-16 08:00:00+00:00,0.855,0.0,0.8849705457687378,0.8438286781311035,0.8277239799499512,0.8522887825965881
2024-10-16 08:15:00+00:00,0.857,0.0,0.8855472207069397,0.846189022064209,0.8277239799499512,0.8521196842193604
2024-10-16 08:30:00+00:00,0.859,0.0,0.8726537823677063,0.8439154028892517,0.8277239799499512,0.851889967918396
2024-10-16 08:45:00+00:00,0.862,0.0,0.8615230917930603,0.8590905070304871,0.8417369723320007,0.8516910672187805
2024-10-16 09:00:00+00:00,0.864,0.0,0.8619864583015442,0.8565937280654907,0.8359283804893494,0.851449728012085
2024-10-16 09:15:00+00:00,0.867,0.0,0.8623909950256348,0.8629127740859985,0.8512281179428101,0.8511661887168884
2024-10-16 09:30:00+00:00,0.868,0.0,0.8632329106330872,0.8797966241836548,0.8512281179428101,0.8510494232177734
2024-10-16 09:45:00+00:00,0.868,0.0,0.8642791509628296,0.9219468832015991,0.8512281179428101,0.8508556485176086
2024-10-16 10:00:00+00:00,0.868,0.0,0.8659381866455078,0.9552728533744812,0.8557854890823364,0.8505533933639526
2024-10-16 10:15:00+00:00,0.868,0.0,0.8680638074874878,0.9546557068824768,0.8779828548431396,0.8504276871681213
2024-10-16 10:30:00+00:00,0.867,0.0,0.8701627254486084,0.9302591681480408,0.8612877726554871,0.8501801490783691
2024-10-16 10:45:00+00:00,0.867,0.0,0.8721747398376465,0.9036205410957336,0.8419347405433655,0.8499219417572021
2024-10-16 11:00:00+00:00,0.866,0.0,0.8744102716445923,0.9063137769699097,0.8901326656341553,0.8498267531394958
2024-10-16 11:15:00+00:00,0.864,0.0,0.876217246055603,0.8972873687744141,0.8649945855140686,0.8495531678199768
2024-10-16 11:30:00+00:00,0.862,0.0,0.8773555755615234,0.8776277303695679,0.851254403591156,0.8494713306427002
2024-10-16 11:45:00+00:00,0.861,0.0,0.8781940937042236,0.8679986596107483,0.8443180322647095,0.8492680191993713
2024-10-16 12:00:00+00:00,0.86,0.0,0.8781434893608093,0.8687981367111206,0.8381028771400452,0.8491206169128418
2024-10-16 12:15:00+00:00,0.859,0.0,0.8785163760185242,0.8696799278259277,0.8333669304847717,0.848963737487793
2024-10-16 12:30:00+00:00,0.857,0.0,0.8784325122833252,0.8709934949874878,0.8359283804893494,0.8488091826438904
2024-10-16 12:45:00+00:00,0.856,0.0,0.8781682848930359,0.8724783062934875,0.8456116914749146,0.8487352728843689
2024-10-16 13:00:00+00:00,0.855,0.0,0.8780040740966797,0.8744074106216431,0.8421435356140137,0.8484740853309631
2024-10-16 13:15:00+00:00,0.854,0.0,0.8774818181991577,0.8768605589866638,0.8483273983001709,0.8482564687728882
2024-10-16 13:30:00+00:00,0.854,0.0,0.8769239187240601,0.8792088627815247,0.8595038652420044,0.848129391670227
2024-10-16 13:45:00+00:00,0.853,0.0,0.8766767382621765,0.88169264793396,0.885164201259613,0.8480746746063232
2024-10-16 14:00:00+00:00,0.853,0.0,0.8764424324035645,0.8837549686431885,0.9706834554672241,0.8478948473930359
2024-10-16 14:15:00+00:00,0.852,0.2,0.8764004707336426,0.8853345513343811,0.9571893215179443,0.8471735715866089
2024-10-16 14:30:00+00:00,0.852,0.0,0.8758147954940796,0.8865820169448853,0.920912504196167,0.8462148308753967
2024-10-16 14:45:00+00:00,0.852,0.0,0.8755794763565063,0.8875169157981873,0.8959465622901917,0.8451308012008667
2024-10-16 15:00:00+00:00,0.852,0.0,0.876102089881897,0.8878634572029114,0.9424201846122742,0.84432053565979
2024-10-16 15:15:00+00:00,0.852,0.0,0.8763327598571777,0.8888652920722961,0.9515794515609741,0.8430103659629822
2024-10-16 15:30:00+00:00,0.852,0.0,0.8831948637962341,0.8891168832778931,0.8862935304641724,0.8417389392852783
2024-10-16 15:45:00+00:00,0.853,0.0,0.8800903558731079,0.8891998529434204,0.8585138916969299,0.8414424061775208
2024-10-16 16:00:00+00:00,0.853,0.2,0.8796550035476685,0.8895003199577332,0.8931443691253662,0.8409858345985413
2024-10-16 16:15:00+00:00,0.854,0.2,0.8805997967720032,0.8895231485366821,0.8987769484519958,0.8408235311508179
2024-10-16 16:30:00+00:00,0.856,0.0,0.8815754055976868,0.8897612690925598,0.9016611576080322,0.8407927751541138
2024-10-16 16:45:00+00:00,0.857,0.0,0.8843158483505249,0.8897795677185059,0.9076105356216431,0.8409379720687866
2024-10-16 17:00:00+00:00,0.858,0.0,0.8820379972457886,0.8898264765739441,0.9106940627098083,0.841110348701477
2024-10-16 17:15:00+00:00,0.859,0.0,0.8903384804725647,0.8902072906494141,0.9104832410812378,0.8413647413253784
2024-10-16 17:30:00+00:00,0.86,0.0,0.8943949341773987,0.8901374340057373,0.9201133251190186,0.8413833975791931
2024-10-16 17:45:00+00:00,0.86,0.0,0.8917944431304932,0.8906295895576477,0.9215648174285889,0.8410266041755676
2024-10-16 18:00:00+00:00,0.861,0.0,0.8929288387298584,0.8913830518722534,0.9144020676612854,0.8409233689308167
2024-10-16 18:15:00+00:00,0.862,0.0,0.8948125839233398,0.8921054005622864,0.9010361433029175,0.8408207297325134
2024-10-16 18:30:00+00:00,0.862,0.0,0.8982612490653992,0.9185712933540344,0.9307354092597961,0.8405203223228455
2024-10-16 18:45:00+00:00,0.863,0.0,0.8982629179954529,0.9153021574020386,0.8881894946098328,0.8402200937271118
2024-10-16 19:00:00+00:00,0.864,0.0,0.8964757919311523,0.9005423784255981,0.9047559499740601,0.8402364253997803
2024-10-16 19:15:00+00:00,0.864,0.2,0.8982537388801575,0.9027247428894043,0.9376936554908752,0.8400686979293823
2024-10-16 19:30:00+00:00,0.864,0.0,0.8999592661857605,0.9070397019386292,0.8583934903144836,0.8398147821426392
2024-10-16 19:45:00+00:00,0.865,0.0,0.9007596373558044,0.9071222543716431,0.8595972061157227,0.8396181464195251
2024-10-16 20:00:00+00:00,0.866,0.0,0.9020183086395264,0.908115029335022,0.9207501411437988,0.8392978310585022
2024-10-16 20:15:00+00:00,0.867,0.0,0.9033428430557251,0.9419201016426086,0.8574252128601074,0.83909672498703
2024-10-16 20:30:00+00:00,0.867,0.0,0.911352813243866,0.961721658706665,0.911620020866394,0.8389782905578613
2024-10-16 20:45:00+00:00,0.868,0.0,0.9085128307342529,0.9490757584571838,0.8847575187683105,0.8388994336128235
2024-10-16 21:00:00+00:00,0.869,0.0,0.9082251191139221,0.9317183494567871,0.8643674850463867,0.8386428356170654
2024-10-16 21:15:00+00:00,0.87,0.0,0.9092124700546265,0.9358256459236145,0.8977376222610474,0.8386999368667603
2024-10-16 21:30:00+00:00,0.87,0.0,0.9101213216781616,0.9359177350997925,0.9141629934310913,0.8385499119758606
2024-10-16 21:45:00+00:00,0.871,0.0,0.9130142331123352,0.9357443451881409,0.909461259841919,0.8381208777427673
2024-10-16 22:00:00+00:00,0.872,0.0,0.9096820950508118,0.9408739805221558,0.8504698872566223,0.837743878364563
2024-10-16 22:15:00+00:00,0.873,0.0,0.910808801651001,0.9439637660980225,0.9129124879837036,0.837129533290863
2024-10-16 22:30:00+00:00,0.874,0.0,0.9119024276733398,0.9473960399627686,0.9064870476722717,0.8366158604621887
2024-10-16 22:45:00+00:00,0.875,0.0,0.9123880863189697,0.9496364593505859,0.9140070676803589,0.8360944986343384
2024-10-16 23:00:00+00:00,0.876,0.0,0.9129053354263306,0.9525104761123657,0.9587814807891846,0.8357200026512146
2024-10-16 23:15:00+00:00,0.877,0.0,0.9140544533729553,0.9546945691108704,0.9907219409942627,0.8356720805168152
2024-10-16 23:30:00+00:00,0.878,0.0,0.9146517515182495,0.9823192358016968,1.3269051313400269,0.8357223868370056
2024-10-16 23:45:00+00:00,0.881,0.0,0.9155734777450562,0.979158341884613,1.1053966283798218,0.8359265923500061
2024-10-17 00:00:00+00:00,0.882,0.0,0.9164347648620605,0.9644539952278137,1.7847254276275635,0.8361467123031616
2024-10-17 00:15:00+00:00,0.883,0.0,0.9171841740608215,0.9662196040153503,1.9066162109375,0.8360662460327148
2024-10-17 00:30:00+00:00,0.885,0.2,0.9182908535003662,0.9679840803146362,2.2089319229125977,0.8360607624053955
2024-10-17 00:45:00+00:00,0.886,0.0,0.9190911650657654,0.9633274674415588,2.4165313243865967,0.8429521322250366
2024-10-17 01:00:00+00:00,0.887,0.0,0.920336127281189,0.9686527848243713,2.367755174636841,0.8410782814025879
2024-10-17 01:15:00+00:00,0.889,0.0,0.9211472868919373,0.9705453515052795,2.4391579627990723,0.909028172492981
2024-10-17 01:30:00+00:00,0.89,0.2,0.9224832653999329,0.9721752405166626,2.4602651596069336,0.8655087947845459
2024-10-17 01:45:00+00:00,0.892,0.0,0.9302502274513245,0.9733635187149048,2.444140911102295,0.9208768010139465
2024-10-17 02:00:00+00:00,0.895,0.0,0.9279175400733948,0.974901020526886,2.4815025329589844,1.0611076354980469
2024-10-17 02:15:00+00:00,0.897,0.0,0.9280297756195068,0.9764853715896606,2.4981517791748047,0.9418162107467651
2024-10-17 02:30:00+00:00,0.899,0.0,0.929298460483551,0.9778407216072083,2.519274950027466,0.9069708585739136
2024-10-17 02:45:00+00:00,0.901,0.0,0.937131404876709,0.9796133637428284,2.50287127494812,0.8441293239593506
2024-10-17 03:00:00+00:00,0.904,0.0,0.9370414614677429,0.9811499714851379,2.5183467864990234,0.8774778246879578
2024-10-17 03:15:00+00:00,0.905,0.0,0.9331804513931274,0.9827492833137512,2.4996469020843506,0.9125248193740845
2024-10-17 03:30:00+00:00,0.907,0.0,0.9350482225418091,0.9849963784217834,2.4789211750030518,0.8606066703796387
2024-10-17 03:45:00+00:00,0.908,0.0,0.9369293451309204,0.9854203462600708,2.309528112411499,0.8336625099182129
2024-10-17 04:00:00+00:00,0.91,0.0,0.9406335949897766,0.9862581491470337,2.4651055335998535,0.8354616761207581
2024-10-17 04:15:00+00:00,0.912,0.0,0.9389708042144775,0.9869704842567444,2.5059244632720947,0.8333603143692017
2024-10-17 04:30:00+00:00,0.913,0.0,0.9403988718986511,0.9875361919403076,2.4777474403381348,0.8421643376350403
2024-10-17 04:45:00+00:00,0.915,0.0,0.9426832795143127,0.9964497089385986,2.4789211750030518,0.8431558012962341
2024-10-17 05:00:00+00:00,0.917,0.0,0.9442587494850159,0.9929744005203247,2.48968243598938,0.84317946434021
2024-10-17 05:15:00+00:00,0.919,0.0,0.9457999467849731,0.9952403903007507,2.4825706481933594,0.8694865703582764
2024-10-17 05:30:00+00:00,0.92,0.0,0.9476936459541321,0.9946708679199219,2.4742069244384766,0.8987841010093689
2024-10-17 05:45:00+00:00,0.922,0.0,0.9491237998008728,1.0049355030059814,2.4600670337677,0.9407276511192322
2024-10-17 06:00:00+00:00,0.923,0.0,0.9508633613586426,1.0084670782089233,2.552946090698242,0.965684175491333
2024-10-17 06:15:00+00:00,0.925,0.0,0.95260089635849,0.9987102746963501,2.5006260871887207,1.2721573114395142
2024-10-17 06:30:00+00:00,0.926,0.0,0.9542381763458252,0.9988118410110474,2.4989171028137207,0.9439643025398254
2024-10-17 06:45:00+00:00,0.927,0.0,0.9557761549949646,1.001025676727295,2.516101598739624,0.9145950078964233
2024-10-17 07:00:00+00:00,0.928,0.0,0.9574986100196838,1.0056332349777222,2.4510490894317627,0.9949889779090881
2024-10-17 07:15:00+00:00,0.93,0.0,0.9589546918869019,0.9980019330978394,2.4319987297058105,0.9836893677711487
2024-10-17 07:30:00+00:00,0.931,0.0,0.9605587124824524,0.9988772869110107,2.447474241256714,0.8863473534584045
2024-10-17 07:45:00+00:00,0.932,0.0,0.9616683125495911,1.000135064125061,2.3584094047546387,0.8510526418685913
2024-10-17 08:00:00+00:00,0.933,0.0,0.9633236527442932,1.000993251800537,2.373884916305542,0.8516026735305786
2024-10-17 08:15:00+00:00,0.934,0.0,0.9643735885620117,1.002012014389038,2.373884916305542,0.8515288233757019
2024-10-17 08:30:00+00:00,0.934,0.0,0.9651997685432434,1.0030053853988647,2.2785139083862305,0.8513767123222351
2024-10-17 08:45:00+00:00,0.935,0.0,0.9668036699295044,1.003931999206543,2.121058940887451,0.8510344624519348
2024-10-17 09:00:00+00:00,0.936,0.0,0.9678891897201538,1.0050151348114014,2.1365344524383545,0.8510050773620605
2024-10-17 09:15:00+00:00,0.936,0.0,0.9688349366188049,1.0061538219451904,1.5595378875732422,0.8510597944259644
2024-10-17 09:30:00+00:00,0.937,0.0,0.9701077342033386,1.00721275806427,2.121058940887451,0.8509569764137268
2024-10-17 09:45:00+00:00,0.937,0.0,0.9707303047180176,1.0081840753555298,2.1260886192321777,0.8508008718490601
2024-10-17 10:00:00+00:00,0.938,0.0,0.9716752767562866,1.0091561079025269,1.7984071969985962,0.8505992889404297
2024-10-17 10:15:00+00:00,0.938,0.0,0.9725640416145325,1.0101470947265625,1.7561402320861816,0.8508955240249634
2024-10-17 10:30:00+00:00,0.938,0.0,0.9732664823532104,1.0112816095352173,1.6857887506484985,0.8511324524879456
2024-10-17 10:45:00+00:00,0.939,0.0,0.9739810228347778,1.01222562789917,1.679694414138794,0.8516186475753784
2024-10-17 11:00:00+00:00,0.939,0.0,0.9742674231529236,1.0133862495422363,1.536750078201294,0.8524473309516907
2024-10-17 11:15:00+00:00,0.94,0.0,0.9750889539718628,1.0140137672424316,1.6526360511779785,0.8535695672035217
2024-10-17 11:30:00+00:00,0.942,0.0,0.974985659122467,1.0150692462921143,1.4092893600463867,0.8546183705329895
2024-10-17 11:45:00+00:00,0.942,0.0,0.975569486618042,1.0160717964172363,1.3930917978286743,0.8556680679321289
2024-10-17 12:00:00+00:00,0.943,0.0,0.9761483073234558,1.016817331314087,1.3874021768569946,0.8572672605514526
2024-10-17 12:15:00+00:00,0.945,0.0,0.9762169718742371,1.0177531242370605,1.399503469467163,0.8596346378326416
2024-10-17 12:30:00+00:00,0.946,0.0,0.9770354628562927,1.0186383724212646,1.0720876455307007,0.8618524074554443
2024-10-17 12:45:00+00:00,0.947,0.0,0.9775577783584595,1.018996238708496,1.3497322797775269,0.8660157322883606
2024-10-17 13:00:00+00:00,0.948,0.0,0.9779420495033264,1.0197064876556396,1.315252423286438,0.8726159334182739
2024-10-17 13:15:00+00:00,0.948,0.0,0.9785292148590088,1.0202298164367676,1.101572036743164,0.8803623914718628
2024-10-17 13:30:00+00:00,0.949,0.0,0.9791919589042664,1.0209580659866333,1.3013091087341309,0.8837605714797974
2024-10-17 13:45:00+00:00,0.95,0.0,0.9806751608848572,1.0213158130645752,1.321876049041748,0.885521650314331
2024-10-17 14:00:00+00:00,0.95,0.0,0.9818784594535828,1.0216702222824097,1.3120437860488892,0.8888483047485352
2024-10-17 14:15:00+00:00,0.951,0.0,0.9822873473167419,1.022243618965149,1.3042430877685547,0.8919668197631836
2024-10-17 14:30:00+00:00,0.951,0.0,0.9835049510002136,1.0223124027252197,1.079808235168457,0.9477481842041016
2024-10-17 14:45:00+00:00,0.952,0.0,0.9846715927124023,1.0230305194854736,1.0830549001693726,0.9252659678459167
2024-10-17 15:00:00+00:00,0.952,0.0,0.9853655099868774,1.0234147310256958,1.0830549001693726,0.9034796357154846
2024-10-17 15:15:00+00:00,0.952,0.0,0.9864386916160583,1.023713231086731,1.0392367839813232,0.9173975586891174
2024-10-17 15:30:00+00:00,0.952,0.0,0.9869887828826904,1.0243107080459595,1.079808235168457,0.9101411700248718
2024-10-17 15:45:00+00:00,0.952,0.0,0.9869822263717651,1.0247000455856323,1.0943752527236938,0.9585762023925781
2024-10-17 16:00:00+00:00,0.952,0.0,0.9876834154129028,1.0253280401229858,1.0779920816421509,0.9276151061058044
2024-10-17 16:15:00+00:00,0.952,0.0,0.9882669448852539,1.025772213935852,1.0666964054107666,0.9884920120239258
2024-10-17 16:30:00+00:00,0.952,0.0,0.9881712198257446,1.0263347625732422,1.09599769115448,1.0174591541290283
2024-10-17 16:45:00+00:00,0.952,0.0,0.9885409474372864,1.0275360345840454,1.0913200378417969,0.9417397379875183
2024-10-17 17:00:00+00:00,0.952,0.0,0.9885604381561279,1.0279982089996338,1.0772236585617065,0.9297804236412048
2024-10-17 17:15:00+00:00,0.952,0.0,0.9883564710617065,1.028592586517334,1.076401948928833,0.9460915923118591
2024-10-17 17:30:00+00:00,0.952,0.0,0.9886692762374878,1.0295907258987427,1.052069902420044,0.9830369353294373
2024-10-17 17:45:00+00:00,0.952,0.0,0.9884818196296692,1.0298802852630615,1.0733639001846313,0.9875181317329407
2024-10-17 18:00:00+00:00,0.952,0.0,0.9885878562927246,1.0305471420288086,1.0946383476257324,0.9533634185791016
2024-10-17 18:15:00+00:00,0.952,0.0,0.9883492588996887,1.0313255786895752,1.0738892555236816,0.9539462327957153
2024-10-17 18:30:00+00:00,0.951,0.0,0.9883400201797485,1.0315321683883667,1.1186320781707764,0.9541079998016357
2024-10-17 18:45:00+00:00,0.951,0.0,0.9883805513381958,1.0319914817810059,1.0924447774887085,0.9537397027015686
2024-10-17 19:00:00+00:00,0.951,0.0,0.9880538582801819,1.0326316356658936,1.0966832637786865,0.954258918762207
2024-10-17 19:15:00+00:00,0.95,0.0,0.9877944588661194,1.0329420566558838,1.0983837842941284,0.9536815881729126
2024-10-17 19:30:00+00:00,0.95,0.0,0.9879458546638489,1.0331804752349854,1.0917651653289795,1.011246681213379
2024-10-17 19:45:00+00:00,0.95,0.0,0.9875129461288452,1.0335369110107422,1.0738892555236816,0.9686082601547241
2024-10-17 20:00:00+00:00,0.949,0.0,0.9874861836433411,1.0333375930786133,1.0897659063339233,0.9397090077400208
2024-10-17 20:15:00+00:00,0.949,0.0,0.9871097803115845,1.0332655906677246,1.0948610305786133,0.949957013130188
2024-10-17 20:30:00+00:00,0.948,0.0,0.9866533279418945,1.0332930088043213,1.1401103734970093,0.9471102952957153
2024-10-17 20:45:00+00:00,0.948,0.0,0.9861918091773987,1.0330334901809692,1.124340534210205,0.9858430624008179
2024-10-17 21:00:00+00:00,0.947,0.0,0.985932469367981,1.0332804918289185,1.09877347946167,0.9501128792762756
2024-10-17 21:15:00+00:00,0.947,0.0,0.9855668544769287,1.0331825017929077,1.094340443611145,0.9487671852111816
2024-10-17 21:30:00+00:00,0.947,0.0,0.9855071306228638,1.0332623720169067,1.1055076122283936,0.9482635855674744
2024-10-17 21:45:00+00:00,0.946,0.0,0.9852224588394165,1.0332891941070557,1.1010127067565918,0.9488213062286377
2024-10-17 22:00:00+00:00,0.946,0.0,0.9848621487617493,1.033130168914795,1.0933992862701416,0.9487409591674805
2024-10-17 22:15:00+00:00,0.945,0.0,0.984591007232666,1.0330884456634521,1.0951446294784546,0.9487356543540955
2024-10-17 22:30:00+00:00,0.944,0.0,0.9838698506355286,1.0328660011291504,1.0893486738204956,0.9496504664421082
2024-10-17 22:45:00+00:00,0.944,0.0,0.9836513996124268,1.0325483083724976,1.0183799266815186,0.9500489830970764
2024-10-17 23:00:00+00:00,0.943,0.0,0.9828906655311584,1.032487154006958,1.02409029006958,0.9499087929725647
2024-10-17 23:15:00+00:00,0.943,0.0,0.9823804497718811,1.031885027885437,1.0281628370285034,0.9507869482040405
2024-10-17 23:30:00+00:00,0.942,0.0,0.9816721081733704,1.0295398235321045,1.0148727893829346,0.9522241353988647
2024-10-17 23:45:00+00:00,0.942,0.0,0.9809677600860596,1.0270622968673706,1.0281628370285034,0.9532161355018616
2024-10-18 00:00:00+00:00,0.941,0.0,0.9798536896705627,1.0247929096221924,1.0005199909210205,0.9548024535179138
2024-10-18 00:15:00+00:00,0.94,0.0,0.9790740609169006,1.0221445560455322,1.0005199909210205,0.9550582766532898
2024-10-18 00:30:00+00:00,0.94,0.0,0.9783428311347961,1.0197070837020874,1.0005199909210205,0.9559102058410645
2024-10-18 00:45:00+00:00,0.939,0.0,0.9773669242858887,1.0165568590164185,0.9990512132644653,1.0144888162612915
2024-10-18 01:00:00+00:00,0.939,0.0,0.976627767086029,1.0143516063690186,0.9990512132644653,0.9783816337585449
2024-10-18 01:15:00+00:00,0.938,0.0,0.9758802652359009,1.011691927909851,1.0005199909210205,0.9511288404464722
2024-10-18 01:30:00+00:00,0.938,0.0,0.9749647974967957,1.0092400312423706,1.0030404329299927,0.9656969308853149
2024-10-18 01:45:00+00:00,0.937,0.0,0.9740368723869324,1.0073955059051514,1.0030404329299927,1.0176187753677368
2024-10-18 02:00:00+00:00,0.937,0.0,0.9730234146118164,1.0049067735671997,1.0030404329299927,1.0199298858642578
2024-10-18 02:15:00+00:00,0.936,0.0,0.9724380373954773,1.0034074783325195,1.0015716552734375,0.9658085703849792
2024-10-18 02:30:00+00:00,0.936,0.0,0.9713513851165771,1.0015400648117065,0.9876201152801514,0.9823401570320129
2024-10-18 02:45:00+00:00,0.935,0.0,0.970715343952179,0.9998977780342102,1.0015716552734375,0.9813093543052673
2024-10-18 03:00:00+00:00,0.934,0.0,0.9699987769126892,0.9981908202171326,1.0015716552734375,1.028100609779358
2024-10-18 03:15:00+00:00,0.934,0.0,0.969148576259613,0.996733546257019,0.9876201152801514,0.9998451471328735
2024-10-18 03:30:00+00:00,0.933,0.0,0.968215823173523,0.9950460195541382,0.9839144349098206,1.006530523300171
2024-10-18 03:45:00+00:00,0.932,0.0,0.9676874279975891,0.9933509230613708,0.9951485395431519,1.0147435665130615
2024-10-18 04:00:00+00:00,0.931,0.0,0.9669137001037598,0.9918937087059021,0.9886808395385742,1.0235227346420288
2024-10-18 04:15:00+00:00,0.931,0.0,0.9657087326049805,0.9901607036590576,0.9820863008499146,1.0327696800231934
2024-10-18 04:30:00+00:00,0.93,0.0,0.9651901721954346,0.9885483384132385,0.9797284007072449,1.0425277948379517
2024-10-18 04:45:00+00:00,0.929,0.0,0.9644296765327454,0.9867019653320312,0.9806845784187317,1.0534145832061768
2024-10-18 05:00:00+00:00,0.928,0.0,0.9629873633384705,0.985329270362854,0.9839144349098206,1.0649183988571167
2024-10-18 05:15:00+00:00,0.928,0.0,0.9618765115737915,0.9838675856590271,0.9718113541603088,1.0762403011322021
2024-10-18 05:30:00+00:00,0.927,0.0,0.9612754583358765,0.9822351336479187,0.9839144349098206,1.0890388488769531
2024-10-18 05:45:00+00:00,0.926,0.0,0.9603554010391235,0.9810656309127808,0.9806845784187317,1.101410150527954
2024-10-18 06:00:00+00:00,0.925,0.0,0.9594137668609619,0.9794473648071289,0.9718113541603088,1.1138920783996582
2024-10-18 06:15:00+00:00,0.924,0.0,0.9583882689476013,0.9782859683036804,0.9775375723838806,1.1231722831726074
2024-10-18 06:30:00+00:00,0.923,0.0,0.9575338959693909,0.9767670035362244,0.9806845784187317,1.1226716041564941
2024-10-18 06:45:00+00:00,0.922,0.0,0.9567415118217468,0.9756221175193787,0.976498544216156,1.1218477487564087
2024-10-18 07:00:00+00:00,0.921,0.0,0.955467700958252,0.9739805459976196,0.976498544216156,1.120927095413208
2024-10-18 07:15:00+00:00,0.92,0.0,0.9545970559120178,0.972443163394928,0.9788564443588257,1.119628667831421
2024-10-18 07:30:00+00:00,0.919,0.0,0.9537630081176758,0.9712827801704407,0.9728720784187317,1.1184381246566772
2024-10-18 07:45:00+00:00,0.919,0.0,0.9525598287582397,0.9701042175292969,0.9699417352676392,1.1172473430633545
2024-10-18 08:00:00+00:00,0.917,0.0,0.9514745473861694,0.968510091304779,0.9793701767921448,1.1159883737564087
2024-10-18 08:15:00+00:00,0.916,0.0,0.9503660798072815,0.9672056436538696,0.9757437109947205,1.114650845527649
2024-10-18 08:30:00+00:00,0.915,0.0,0.9495487809181213,0.966099202632904,0.9713446497917175,1.113323450088501
2024-10-18 08:45:00+00:00,0.914,0.0,0.9479390382766724,0.9647684693336487,0.9713446497917175,1.11166250705719
2024-10-18 09:00:00+00:00,0.913,0.0,0.9470303058624268,0.9638682007789612,0.9713446497917175,1.1100562810897827
2024-10-18 09:15:00+00:00,0.912,0.0,0.946577787399292,0.9623335599899292,0.9713446497917175,1.1085139513015747
2024-10-18 09:30:00+00:00,0.911,0.0,0.9457007646560669,0.9614993929862976,0.9713446497917175,1.106958270072937
2024-10-18 09:45:00+00:00,0.911,0.0,0.9449896812438965,0.960408627986908,0.9713446497917175,1.1052260398864746
2024-10-18 10:00:00+00:00,0.91,0.0,0.9440907835960388,0.9591690301895142,0.9713446497917175,1.1031904220581055
2024-10-18 10:15:00+00:00,0.909,0.0,0.9434024095535278,0.9580852389335632,0.9713446497917175,1.101541519165039
2024-10-18 10:30:00+00:00,0.909,0.0,0.9428965449333191,0.9568154215812683,0.9713446497917175,1.099507212638855
2024-10-18 10:45:00+00:00,,,0.941459596157074,0.9555235505104065,0.9713446497917175,1.0982285737991333
2024-10-18 11:00:00+00:00,,,0.9403031468391418,0.9542508721351624,0.9713446497917175,1.0969184637069702
2024-10-18 11:15:00+00:00,,,0.9396148324012756,0.9528903961181641,0.9713446497917175,1.09518563747406
2024-10-18 11:30:00+00:00,,,0.9387419819831848,0.9519160985946655,0.9713446497917175,1.0938674211502075
2024-10-18 11:45:00+00:00,,,,0.9504711031913757,0.9523364901542664,1.0924553871154785
2024-10-18 12:00:00+00:00,,,,0.9496033787727356,0.9498828649520874,1.0911136865615845
2024-10-18 12:15:00+00:00,,,,0.948340117931366,0.952553927898407,1.0900990962982178
2024-10-18 12:30:00+00:00,,,,0.9471297860145569,0.9715620875358582,1.0894116163253784
2024-10-18 12:45:00+00:00,,,,0.9461824893951416,0.9452747106552124,1.0886975526809692
2024-10-18 13:00:00+00:00,,,,0.9449546933174133,0.9372882843017578,1.087740182876587
2024-10-18 13:15:00+00:00,,,,0.9437805414199829,0.950100302696228,1.0866338014602661
2024-10-18 13:30:00+00:00,,,,0.943028450012207,0.952553927898407,1.086107850074768
2024-10-18 13:45:00+00:00,,,,0.9418798089027405,0.9275360703468323,1.0850976705551147
2024-10-18 14:00:00+00:00,,,,0.941405713558197,0.9452747106552124,1.0842714309692383
2024-10-18 14:15:00+00:00,,,,0.9406861662864685,0.9307466149330139,1.0835072994232178
2024-10-18 14:30:00+00:00,,,,0.940008819103241,0.9240100383758545,1.0822030305862427
2024-10-18 14:45:00+00:00,,,,,0.9240100383758545,1.080979347229004
2024-10-18 15:00:00+00:00,,,,,0.9227601885795593,1.0802361965179443
2024-10-18 15:15:00+00:00,,,,,0.9227601885795593,1.079063892364502
2024-10-18 15:30:00+00:00,,,,,0.9307466149330139,1.0779941082000732
2024-10-18 15:45:00+00:00,,,,,0.9227601885795593,1.0769275426864624
2024-10-18 16:00:00+00:00,,,,,0.9227601885795593,1.0755873918533325
2024-10-18 16:15:00+00:00,,,,,0.8975367546081543,1.0742851495742798
2024-10-18 16:30:00+00:00,,,,,0.8977268934249878,1.0732436180114746
2024-10-18 16:45:00+00:00,,,,,0.9193196892738342,1.0721135139465332
2024-10-18 17:00:00+00:00,,,,,0.9234804511070251,1.071473479270935
2024-10-18 17:15:00+00:00,,,,,0.8935661315917969,1.070692777633667
2024-10-18 17:30:00+00:00,,,,,0.8982570171356201,1.0698130130767822
2024-10-18 17:45:00+00:00,,,,,0.8982570171356201,1.068890929222107
2024-10-18 18:00:00+00:00,,,,,0.9193196892738342,1.067789077758789
2024-10-18 18:15:00+00:00,,,,,0.9139718413352966,1.0666877031326294
2024-10-18 18:30:00+00:00,,,,,0.8972877860069275,1.0656242370605469
2024-10-18 18:45:00+00:00,,,,,,1.0646438598632812
2024-10-18 19:00:00+00:00,,,,,,1.0637705326080322
2024-10-18 19:15:00+00:00,,,,,,1.0628931522369385
2024-10-18 19:30:00+00:00,,,,,,1.0620993375778198
2024-10-18 19:45:00+00:00,,,,,,1.0613104104995728
2024-10-18 20:00:00+00:00,,,,,,1.0603864192962646
2024-10-18 20:15:00+00:00,,,,,,1.0595242977142334
2024-10-18 20:30:00+00:00,,,,,,1.0588417053222656
2024-10-18 20:45:00+00:00,,,,,,1.0580946207046509
2024-10-18 21:00:00+00:00,,,,,,1.057231068611145
2024-10-18 21:15:00+00:00,,,,,,1.056418776512146
2024-10-18 21:30:00+00:00,,,,,,1.0555697679519653
2024-10-18 21:45:00+00:00,,,,,,1.0541187524795532
2024-10-18 22:00:00+00:00,,,,,,1.0444320440292358
2024-10-18 22:15:00+00:00,,,,,,1.0356258153915405
2024-10-18 22:30:00+00:00,,,,,,1.0293856859207153
2024-10-18 22:45:00+00:00,,,,,,1.0233421325683594
2024-10-18 23:00:00+00:00,,,,,,1.0198607444763184
2024-10-18 23:15:00+00:00,,,,,,1.0163052082061768
2024-10-18 23:30:00+00:00,,,,,,1.0132460594177246
2024-10-18 23:45:00+00:00,,,,,,1.0102726221084595
2024-10-19 00:00:00+00:00,,,,,,1.0082498788833618
2024-10-19 00:15:00+00:00,,,,,,1.0061583518981934
2024-10-19 00:30:00+00:00,,,,,,1.004378080368042
2024-10-19 00:45:00+00:00,,,,,,1.0026092529296875
2024-10-19 01:00:00+00:00,,,,,,1.0010302066802979
2024-10-19 01:15:00+00:00,,,,,,0.9995733499526978
2024-10-19 01:30:00+00:00,,,,,,0.9984263181686401
2024-10-19 01:45:00+00:00,,,,,,0.9969732165336609
2024-10-19 02:00:00+00:00,,,,,,0.9958293437957764
2024-10-19 02:15:00+00:00,,,,,,0.9946235418319702
2024-10-19 02:30:00+00:00,,,,,,0.9933371543884277
2024-10-19 02:45:00+00:00,,,,,,0.9922401905059814
2024-10-19 03:00:00+00:00,,,,,,0.9910337328910828
2024-10-19 03:15:00+00:00,,,,,,0.9897147417068481
2024-10-19 03:30:00+00:00,,,,,,0.9885506629943848
2024-10-19 03:45:00+00:00,,,,,,0.9874679446220398
2024-10-19 04:00:00+00:00,,,,,,0.986244797706604
2024-10-19 04:15:00+00:00,,,,,,0.9849596619606018
2024-10-19 04:30:00+00:00,,,,,,0.9842474460601807
2024-10-19 04:45:00+00:00,,,,,,0.9834203720092773
2024-10-19 05:00:00+00:00,,,,,,0.9824362993240356
2024-10-19 05:15:00+00:00,,,,,,0.9815276265144348
2024-10-19 05:30:00+00:00,,,,,,0.9807177782058716
2024-10-19 05:45:00+00:00,,,,,,0.979859471321106
2024-10-19 06:00:00+00:00,,,,,,0.9790483713150024
2024-10-19 06:15:00+00:00,,,,,,0.9782412052154541
2024-10-19 06:30:00+00:00,,,,,,0.9773585796356201
2024-10-19 06:45:00+00:00,,,,,,0.9765649437904358
2024-10-19 07:00:00+00:00,,,,,,0.97553551197052
2024-10-19 07:15:00+00:00,,,,,,0.9747622609138489
2024-10-19 07:30:00+00:00,,,,,,0.9740201234817505
2024-10-19 07:45:00+00:00,,,,,,0.9732335209846497
2024-10-19 08:00:00+00:00,,,,,,0.9724874496459961
2024-10-19 08:15:00+00:00,,,,,,0.9716980457305908
2024-10-19 08:30:00+00:00,,,,,,0.9709334969520569
2024-10-19 08:45:00+00:00,,,,,,0.9699920415878296
2024-10-19 09:00:00+00:00,,,,,,0.968980610370636
2024-10-19 09:15:00+00:00,,,,,,0.968101441860199
2024-10-19 09:30:00+00:00,,,,,,0.9671350121498108
2024-10-19 09:45:00+00:00,,,,,,0.9663210511207581
2024-10-19 10:00:00+00:00,,,,,,0.9656065106391907
2024-10-19 10:15:00+00:00,,,,,,0.9650219082832336
2024-10-19 10:30:00+00:00,,,,,,0.9644827246665955
